<?xml version="1.0" encoding="UTF-8"?>
<!DOCTYPE fontscolors PUBLIC "-//NetBeans//DTD Editor Fonts and Colors settings 1.1//EN" "http://www.netbeans.org/dtds/EditorFontsColors-1_1.dtd">
<fontscolors>
    <fontcolor default="identifier" name="identifier"/>
    <fontcolor default="4cb64c" foreColor="ff009fff" name="mod-field"/>
    <fontcolor default="comment" foreColor="ff9999ff" name="COMMENT_HTML">
        <font style="bold"/>
    </fontcolor>
    <fontcolor default="number" name="constant"/>
    <fontcolor default="string" name="string"/>
    <fontcolor foreColor="ff666db0" name="mod-global">
        <font style="bold"/>
    </fontcolor>
    <fontcolor default="class" foreColor="ffc4fbff" name="mod-class" underline="ffc4fbff"/>
    <fontcolor default="method" name="mod-method">
        <font style="bold"/>
    </fontcolor>
    <fontcolor default="comment" name="comment-line"/>
    <fontcolor name="mod-unused" waveUnderlined="ff999999"/>
    <fontcolor default="error" name="error"/>
    <fontcolor default="separator" name="separator"/>
    <fontcolor default="comment" name="COMMENT"/>
    <fontcolor default="operator" name="operator"/>
    <fontcolor default="identifier" foreColor="ff40ffff" name="mod-local-variable-declaration" underline="ff40ffff"/>
    <fontcolor default="regexp" foreColor="ff999900" name="mod-regexp"/>
    <fontcolor default="comment" name="COMMENT_KEYWORD">
        <font style="bold"/>
    </fontcolor>
    <fontcolor default="keyword" name="keyword"/>
    <fontcolor default="whitespace" name="whitespace"/>
    <fontcolor default="identifier" foreColor="ff40ffff" name="mod-local-variable"/>
</fontscolors>
